"","X","id","name","international_id","resolved_names","taxon_level_fromid","taxon_name_fromid","higher_order_fromid","higher_order_id","data_source","resolved_id_fromgnr","taxon_function","resolved_taxon_level_fromgnr","resolved_higher_order_fromgnr","resolved_higher_order_id","name_match","id_match","higher_match","alt_datasource","alt_resolved_name","AphiaID","Match.type","LSID","ScientificName","Taxon.status","AphiaID_accepted","ScientificName_accepted","matchIDs","status_char","scientificName_HumanObservation","scientificNameID_HumanObservation"
"1",110,114,"Acanthoica quattrospina",235802,"Acanthoica quattrospina","species","Acanthoica quattrospina","Haptophyta",369190,"World Register of Marine Species","235802","worrms","species","Haptophyta",369190,TRUE,TRUE,TRUE,NA,NA,235802,"exact","urn:lsid:marinespecies.org:taxname:235802","Acanthoica quattrospina","accepted",235802,"Acanthoica quattrospina",TRUE,"accepted","Acanthoica quattrospina","urn:lsid:marinespecies.org:taxname:235802"
"2",61,73,"Akashiwo",231787,"Akashiwo","genus","Akashiwo","Dinoflagellata",146203,"World Register of Marine Species","231787","worrms","species","Dinoflagellata",146203,TRUE,TRUE,TRUE,NA,NA,231787,"exact","urn:lsid:marinespecies.org:taxname:231787","Akashiwo","accepted",231787,"Akashiwo",TRUE,"accepted","Akashiwo","urn:lsid:marinespecies.org:taxname:231787"
"3",102,111,"Alexandrium",109470,"Alexandrium","genus","Alexandrium","Dinoflagellata",146203,"World Register of Marine Species","109470","worrms","genus","Dinoflagellata",146203,TRUE,TRUE,TRUE,NA,NA,109470,"exact","urn:lsid:marinespecies.org:taxname:109470","Alexandrium","accepted",109470,"Alexandrium",TRUE,"accepted","Alexandrium","urn:lsid:marinespecies.org:taxname:109470"
"4",48,53,"amoeba",605376,"Amoeba","genus","Amoeba","other than diatoms,dinoflagellates,or haptophytes",-6666,"World Register of Marine Species","120533","taxize","genus","other than diatoms dinoflagellates or haptophytes",-6666,TRUE,FALSE,TRUE,NA,NA,605376,"exact","urn:lsid:marinespecies.org:taxname:605376","Amoeba","nomen dubium",605376,"Amoeba",FALSE,"nomen dubium","Amoebozoa","urn:lsid:marinespecies.org:taxname:391848"
"5",88,74,"Amphidinium",109473,"Amphidinium","genus","Amphidinium","Dinoflagellata",146203,"World Register of Marine Species","109473","worrms","genus","Dinoflagellata",146203,TRUE,TRUE,TRUE,NA,NA,109473,"exact","urn:lsid:marinespecies.org:taxname:109473","Amphidinium","accepted",109473,"Amphidinium",TRUE,"accepted","Amphidinium","urn:lsid:marinespecies.org:taxname:109473"
"6",101,110,"Apedinella",248096,"Apedinella","genus","Apedinella","other than diatoms,dinoflagellates,or haptophytes",-6666,"World Register of Marine Species","248096","worrms","species","other than diatoms dinoflagellates or haptophytes",-6666,TRUE,TRUE,TRUE,NA,NA,248096,"exact","urn:lsid:marinespecies.org:taxname:248096","Apedinella","accepted",248096,"Apedinella",TRUE,"accepted","Apedinella","urn:lsid:marinespecies.org:taxname:248096"
"7",1,1,"Asterionellopsis glacialis",149139,"Asterionellopsis glacialis","species","Asterionellopsis glacialis","Bacillariophyceae",148899,"World Register of Marine Species","149139","worrms","species","Bacillariophyceae",148899,TRUE,TRUE,TRUE,NA,NA,149139,"exact","urn:lsid:marinespecies.org:taxname:149139","Asterionellopsis glacialis","alternate representation",148955,"Asterionella glacialis",FALSE,"alternate representation","Asterionellopsis glacialis","urn:lsid:marinespecies.org:taxname:149139"
"8",62,75,"Bacillaria",149148,"Bacillaria","genus","Bacillaria","Bacillariophyceae",148899,"World Register of Marine Species","149148","worrms","genus","Bacillariophyceae",148899,TRUE,TRUE,TRUE,NA,NA,149148,"exact","urn:lsid:marinespecies.org:taxname:149148","Bacillaria","accepted",149148,"Bacillaria",TRUE,"accepted","Bacillaria","urn:lsid:marinespecies.org:taxname:149148"
"9",81,107,"Bacillariophyceae",148899,"Bacillariophyceae","class","Bacillariophyceae","Bacillariophyceae",148899,"World Register of Marine Species","148899","worrms","class","Bacillariophyceae",148899,TRUE,TRUE,TRUE,NA,NA,148899,"exact","urn:lsid:marinespecies.org:taxname:148899","Bacillariophyceae","accepted",148899,"Bacillariophyceae",TRUE,"accepted","Bacillariophyceae","urn:lsid:marinespecies.org:taxname:148899"
"10",112,116,"Bacteriastrum",149118,"Bacteriastrum","genus","Bacteriastrum","Bacillariophyceae",148899,"World Register of Marine Species","149118","worrms","genus","Bacillariophyceae",148899,TRUE,TRUE,TRUE,NA,NA,149118,"exact","urn:lsid:marinespecies.org:taxname:149118","Bacteriastrum","accepted",149118,"Bacteriastrum",TRUE,"accepted","Bacteriastrum","urn:lsid:marinespecies.org:taxname:149118"
"11",22,22,"bad",NA,NA,NA,NA,NA,NA,NA,NA,NA,NA,"NotApplicable",NA,FALSE,FALSE,FALSE,NA,NA,NA,"","","","",NA,"",NA,"","NotApplicable","NotApplicable"
"12",92,98,"Balanion",292899,"Balanion","genus","Balanion","other than diatoms,dinoflagellates,or haptophytes",-6666,"World Register of Marine Species","292899","worrms","genus","other than diatoms dinoflagellates or haptophytes",-6666,TRUE,TRUE,TRUE,NA,NA,292899,"exact","urn:lsid:marinespecies.org:taxname:292899","Balanion","accepted",292899,"Balanion",TRUE,"accepted","Balanion","urn:lsid:marinespecies.org:taxname:292899"
"13",74,92,"bead",NA,NA,NA,NA,NA,NA,NA,"-999999",NA,NA,"NotApplicable",NA,FALSE,FALSE,FALSE,"OCB","bead",NA,"","","","",NA,"",NA,"","NotApplicable","NotApplicable"
"14",89,76,"Biddulphia",148967,"Biddulphia","genus","Biddulphia","Bacillariophyceae",148899,"World Register of Marine Species","148967","worrms","genus","Bacillariophyceae",148899,TRUE,TRUE,TRUE,NA,NA,148967,"exact","urn:lsid:marinespecies.org:taxname:148967","Biddulphia","accepted",148967,"Biddulphia",TRUE,"accepted","Biddulphia","urn:lsid:marinespecies.org:taxname:148967"
"15",75,93,"bubble",NA,NA,NA,NA,NA,NA,NA,"-999999",NA,NA,"NotApplicable",NA,FALSE,FALSE,FALSE,"OCB","bubble",NA,"","","","",NA,"",NA,"","NotApplicable","NotApplicable"
"16",99,89,"Calciopappus",235858,"Calciopappus","genus","Calciopappus","Haptophyta",369190,"World Register of Marine Species","235858","worrms","species","Haptophyta",369190,TRUE,TRUE,TRUE,NA,NA,235858,"exact","urn:lsid:marinespecies.org:taxname:235858","Calciopappus","accepted",235858,"Calciopappus",TRUE,"accepted","Calciopappus","urn:lsid:marinespecies.org:taxname:235858"
"17",124,NA,"Calciosolenia brasiliensis",NA,NA,"species","Calciosolenia brasiliensis","Haptophyta",369190,"World Register of Marine Species","555889","worrms",NA,"Haptophyta",NA,FALSE,FALSE,FALSE,NA,NA,NA,"","","","",NA,"",NA,"","Calciosolenia brasiliensis","urn:lsid:marinespecies.org:taxname:555889"
"18",77,97,"camera spot",NA,NA,NA,NA,NA,NA,NA,"-999999",NA,NA,"NotApplicable",NA,FALSE,FALSE,FALSE,"OCB","camera spot",NA,"","","","",NA,"",NA,"","NotApplicable","NotApplicable"
"19",37,41,"Cerataulina pelagica",149619,"Cerataulina pelagica","species","Cerataulina pelagica","Bacillariophyceae",148899,"World Register of Marine Species","149619","worrms","species","Bacillariophyceae",148899,TRUE,TRUE,TRUE,NA,NA,149619,"exact","urn:lsid:marinespecies.org:taxname:149619","Cerataulina pelagica","alternate representation",961694,"Cerataulina bergonii",FALSE,"alternate representation","Cerataulina pelagica","urn:lsid:marinespecies.org:taxname:149619"
"20",2,2,"Ceratium",109506,"Ceratium","genus","Ceratium","Dinoflagellata",146203,"World Register of Marine Species","109506","worrms","genus","Dinoflagellata",146203,TRUE,TRUE,TRUE,NA,NA,109506,"exact","urn:lsid:marinespecies.org:taxname:109506","Ceratium","accepted",109506,"Ceratium",TRUE,"accepted","Ceratium","urn:lsid:marinespecies.org:taxname:109506"
"21",3,3,"Chaetoceros",148985,"Chaetoceros","genus","Chaetoceros","Bacillariophyceae",148899,"World Register of Marine Species","148985","worrms","genus","Bacillariophyceae",148899,TRUE,TRUE,TRUE,NA,NA,148985,"exact","urn:lsid:marinespecies.org:taxname:148985","Chaetoceros","accepted",148985,"Chaetoceros",TRUE,"accepted","Chaetoceros","urn:lsid:marinespecies.org:taxname:148985"
"22",120,123,"Chaetoceros concavicornis",156607,"Chaetoceros concavicornis","species","Chaetoceros concavicornis","Bacillariophyceae",148899,"World Register of Marine Species","156607","taxize","species","Bacillariophyceae",148899,TRUE,TRUE,TRUE,NA,NA,156607,"exact","urn:lsid:marinespecies.org:taxname:156607","Chaetoceros concavicornis","accepted",156607,"Chaetoceros concavicornis",TRUE,"accepted","Chaetoceros","urn:lsid:marinespecies.org:taxname:148985"
"23",116,119,"Chaetoceros curvusetus",149221,"Chaetoceros curvisetus","species","Chaetoceros curvisetus","Bacillariophyceae",148899,"World Register of Marine Species","149221","taxize","species","Bacillariophyceae",148899,TRUE,TRUE,TRUE,NA,NA,961769,"exact","urn:lsid:marinespecies.org:taxname:961769","Chaetoceros curvisetus","uncertain",961769,"Chaetoceros curvisetus",FALSE,"uncertain","Chaetoceros","urn:lsid:marinespecies.org:taxname:148985"
"24",119,122,"Chaetoceros danicus",149120,"Chaetoceros danicus","species","Chaetoceros danicus","Bacillariophyceae",148899,"World Register of Marine Species","149120","worrms","species","Bacillariophyceae",148899,TRUE,TRUE,TRUE,NA,NA,149120,"exact","urn:lsid:marinespecies.org:taxname:149120","Chaetoceros danicus","uncertain",149120,"Chaetoceros danicus",TRUE,"uncertain","Chaetoceros","urn:lsid:marinespecies.org:taxname:148985"
"25",115,118,"Chaetoceros debilis",NA,"Chaetoceros debilis",NA,NA,NA,NA,"World Register of Marine Species","149219","taxize","species","Bacillariophyceae",148899,FALSE,FALSE,FALSE,NA,NA,961758,"exact","urn:lsid:marinespecies.org:taxname:961758","Chaetoceros debilis","uncertain",961758,"Chaetoceros debilis",FALSE,"uncertain","Chaetoceros","urn:lsid:marinespecies.org:taxname:148985"
"26",44,49,"Chaetoceros didymus",149122,"Chaetoceros didymus","species","Chaetoceros didymus","Bacillariophyceae",148899,"World Register of Marine Species","149122","taxize","species","Bacillariophyceae",148899,TRUE,TRUE,TRUE,NA,NA,961776,"exact","urn:lsid:marinespecies.org:taxname:961776","Chaetoceros didymus","uncertain",961776,"Chaetoceros didymus",FALSE,"uncertain","Chaetoceros","urn:lsid:marinespecies.org:taxname:148985"
"27",114,117,"Chaetoceros peruvianis",NA,"Chaetoceros peruvianus",NA,NA,NA,NA,"World Register of Marine Species","178185","taxize","species","Bacillariophyceae",148899,FALSE,FALSE,FALSE,NA,NA,961865,"exact","urn:lsid:marinespecies.org:taxname:961865","Chaetoceros peruvianus","uncertain",961865,"Chaetoceros peruvianus",FALSE,"uncertain","Chaetoceros","urn:lsid:marinespecies.org:taxname:148985"
"28",117,120,"Chaetoceros socialis",149123,"Chaetoceros socialis","species","Chaetoceros socialis","Bacillariophyceae",148899,"World Register of Marine Species","149123","worrms","species","Bacillariophyceae",148899,TRUE,TRUE,TRUE,NA,NA,149123,"exact","urn:lsid:marinespecies.org:taxname:149123","Chaetoceros socialis","accepted",149123,"Chaetoceros socialis",TRUE,"accepted","Chaetoceros socialis","urn:lsid:marinespecies.org:taxname:149123"
"29",118,121,"Chaetoceros subtilis",156621,"Chaetoceros subtilis","species","Chaetoceros subtilis","Bacillariophyceae",148899,"World Register of Marine Species","156621","worrms","species","Bacillariophyceae",148899,TRUE,TRUE,TRUE,NA,NA,156621,"exact","urn:lsid:marinespecies.org:taxname:156621","Chaetoceros subtilis","accepted",156621,"Chaetoceros subtilis",TRUE,"accepted","Chaetoceros","urn:lsid:marinespecies.org:taxname:148985"
"30",64,78,"Chrysochromulina",115090,"Chrysochromulina","genus","Chrysochromulina","Haptophyta",369190,"World Register of Marine Species","115090","worrms","genus","Haptophyta",369190,TRUE,TRUE,TRUE,NA,NA,115090,"exact","urn:lsid:marinespecies.org:taxname:115090","Chrysochromulina","accepted",115090,"Chrysochromulina",TRUE,"accepted","Chrysochromulina","urn:lsid:marinespecies.org:taxname:115090"
"31",80,32,"Chrysochromulina lanceolata",388470,"Chrysochromulina lanceolata","species","Chrysochromulina lanceolata","Haptophyta",369190,"World Register of Marine Species","388470","worrms","species","Haptophyta",369190,TRUE,TRUE,TRUE,NA,NA,388470,"exact","urn:lsid:marinespecies.org:taxname:388470","Chrysochromulina lanceolata","accepted",388470,"Chrysochromulina lanceolata",TRUE,"accepted","Chrysochromulina lanceolata","urn:lsid:marinespecies.org:taxname:388470"
"32",123,NA,"ciliate",NA,NA,NA,NA,NA,NA,NA,NA,NA,NA,"other than diatoms dinoflagellates or haptophytes",NA,FALSE,FALSE,FALSE,NA,NA,NA,"","","","",NA,"",NA,"","Spirotrichea","urn:lsid:marinespecies.org:taxname:1348"
"33",107,54,"Ciliate mix",1348,NA,NA,NA,NA,NA,NA,"1348",NA,NA,"other than diatoms dinoflagellates or haptophytes",-6666,FALSE,FALSE,FALSE,"Sosik-specific",NA,NA,"","","","",NA,"",NA,"","Spirotrichea","urn:lsid:marinespecies.org:taxname:1348"
"34",63,77,"Cochlodinium",109474,"Cochlodinium","genus","Cochlodinium","Dinoflagellata",146203,"World Register of Marine Species","109474","worrms","genus","Dinoflagellata",146203,TRUE,TRUE,TRUE,NA,NA,109474,"exact","urn:lsid:marinespecies.org:taxname:109474","Cochlodinium","accepted",109474,"Cochlodinium",TRUE,"accepted","Cochlodinium","urn:lsid:marinespecies.org:taxname:109474"
"35",4,4,"Corethron hystrix",179596,"Corethron hystrix","species","Corethron hystrix","Bacillariophyceae",148899,"World Register of Marine Species","179596","worrms","species","Bacillariophyceae",148899,TRUE,TRUE,TRUE,NA,NA,179596,"exact","urn:lsid:marinespecies.org:taxname:179596","Corethron hystrix","uncertain",179596,"Corethron hystrix",TRUE,"uncertain","Corethron hystrix","urn:lsid:marinespecies.org:taxname:179596"
"36",78,26,"Corymbellus",162518,"Corymbellus","genus","Corymbellus","Haptophyta",369190,"World Register of Marine Species","162518","worrms","species","Haptophyta",369190,TRUE,TRUE,TRUE,NA,NA,162518,"exact","urn:lsid:marinespecies.org:taxname:162518","Corymbellus","accepted",162518,"Corymbellus",TRUE,"accepted","Corymbellus","urn:lsid:marinespecies.org:taxname:162518"
"37",38,42,"Coscinodiscus",148917,"Coscinodiscus","genus","Coscinodiscus","Bacillariophyceae",148899,"World Register of Marine Species","148917","worrms","genus","Bacillariophyceae",148899,TRUE,TRUE,TRUE,NA,NA,148917,"exact","urn:lsid:marinespecies.org:taxname:148917","Coscinodiscus","accepted",148917,"Coscinodiscus",TRUE,"accepted","Coscinodiscus","urn:lsid:marinespecies.org:taxname:148917"
"38",25,27,"cryptophyta",17638,"Cryptophyta","phylum","Cryptophyta","other than diatoms,dinoflagellates,or haptophytes",-6666,"World Register of Marine Species","17638","worrms","phylum","other than diatoms dinoflagellates or haptophytes",-6666,TRUE,TRUE,TRUE,NA,NA,17638,"exact","urn:lsid:marinespecies.org:taxname:17638","Cryptophyta","accepted",17638,"Cryptophyta",TRUE,"accepted","Cryptophyta","urn:lsid:marinespecies.org:taxname:17638"
"39",5,5,"Cylindrotheca",149003,"Cylindrotheca","genus","Cylindrotheca","Bacillariophyceae",148899,"World Register of Marine Species","149003","worrms","genus","Bacillariophyceae",148899,TRUE,TRUE,TRUE,NA,NA,149003,"exact","urn:lsid:marinespecies.org:taxname:149003","Cylindrotheca","accepted",149003,"Cylindrotheca",TRUE,"accepted","Cylindrotheca","urn:lsid:marinespecies.org:taxname:149003"
"40",7,7,"Dactyliosolen blavyanus",179786,"Dactyliosolen blavyanus","species","Dactyliosolen blavyanus","Bacillariophyceae",148899,"World Register of Marine Species","179786","worrms","species","Bacillariophyceae",148899,TRUE,TRUE,TRUE,NA,NA,179786,"exact","urn:lsid:marinespecies.org:taxname:179786","Dactyliosolen blavyanus","alternate representation",975336,"Guinardia blavyana var. blavyana",FALSE,"alternate representation","Dactyliosolen blavyanus","urn:lsid:marinespecies.org:taxname:179786"
"41",6,6,"Dactyliosolen fragilissimus",149310,"Dactyliosolen fragilissimus","species","Dactyliosolen fragilissimus","Bacillariophyceae",148899,"World Register of Marine Species","149310","worrms","species","Bacillariophyceae",148899,TRUE,TRUE,TRUE,NA,NA,149310,"exact","urn:lsid:marinespecies.org:taxname:149310","Dactyliosolen fragilissimus","alternate representation",985165,"Rhizosolenia fragilissima f. fragilissima",FALSE,"alternate representation","Dactyliosolen fragilissimus","urn:lsid:marinespecies.org:taxname:149310"
"42",47,52,"Delphineis",149179,"Delphineis","genus","Delphineis","Bacillariophyceae",148899,"World Register of Marine Species","149179","worrms","genus","Bacillariophyceae",148899,TRUE,TRUE,TRUE,NA,NA,149179,"exact","urn:lsid:marinespecies.org:taxname:149179","Delphineis","accepted",149179,"Delphineis",TRUE,"accepted","Delphineis","urn:lsid:marinespecies.org:taxname:149179"
"43",23,23,"detritus",NA,NA,NA,NA,NA,NA,NA,"-999999",NA,NA,"NotApplicable",NA,FALSE,FALSE,FALSE,"OCB","detritus",NA,"","","","",NA,"",NA,"","NotApplicable","NotApplicable"
"44",8,8,"Dictyocha",157258,"Dictyocha","genus","Dictyocha","other than diatoms,dinoflagellates,or haptophytes",-6666,"World Register of Marine Species","157258","worrms","species","other than diatoms dinoflagellates or haptophytes",-6666,TRUE,TRUE,TRUE,NA,NA,157258,"exact","urn:lsid:marinespecies.org:taxname:157258","Dictyocha","accepted",157258,"Dictyocha",TRUE,"accepted","Dictyocha","urn:lsid:marinespecies.org:taxname:157258"
"45",82,55,"Didinium",341301,"Didinium","genus","Didinium","other than diatoms,dinoflagellates,or haptophytes",-6666,"World Register of Marine Species","341301","worrms","genus","other than diatoms dinoflagellates or haptophytes",-6666,TRUE,TRUE,TRUE,NA,NA,341301,"exact","urn:lsid:marinespecies.org:taxname:341301","Didinium","accepted",341301,"Didinium",TRUE,"accepted","Didinium","urn:lsid:marinespecies.org:taxname:341301"
"46",9,9,"Dinobryon",157240,"Dinobryon","genus","Dinobryon","other than diatoms,dinoflagellates,or haptophytes",-6666,"World Register of Marine Species","157240","worrms","species","other than diatoms dinoflagellates or haptophytes",-6666,TRUE,TRUE,TRUE,NA,NA,157240,"exact","urn:lsid:marinespecies.org:taxname:157240","Dinobryon","accepted",157240,"Dinobryon",TRUE,"accepted","Dinobryon","urn:lsid:marinespecies.org:taxname:157240"
"47",79,108,"Dinophyceae",19542,"Dinophyceae","class","Dinophyceae","Dinoflagellata",146203,"World Register of Marine Species","19542","worrms","class","Dinoflagellata",146203,TRUE,TRUE,TRUE,NA,NA,19542,"exact","urn:lsid:marinespecies.org:taxname:19542","Dinophyceae","accepted",19542,"Dinophyceae",TRUE,"accepted","Dinophyceae","urn:lsid:marinespecies.org:taxname:19542"
"48",26,28,"Dinophysis",109462,"Dinophysis","genus","Dinophysis","Dinoflagellata",146203,"World Register of Marine Species","109462","worrms","genus","Dinoflagellata",146203,TRUE,TRUE,TRUE,NA,NA,109462,"exact","urn:lsid:marinespecies.org:taxname:109462","Dinophysis","accepted",109462,"Dinophysis",TRUE,"accepted","Dinophysis","urn:lsid:marinespecies.org:taxname:109462"
"49",10,10,"Ditylum brightwellii",149023,"Ditylum brightwellii","species","Ditylum brightwellii","Bacillariophyceae",148899,"World Register of Marine Species","149023","worrms","species","Bacillariophyceae",148899,TRUE,TRUE,TRUE,NA,NA,149023,"exact","urn:lsid:marinespecies.org:taxname:149023","Ditylum brightwellii","uncertain",149023,"Ditylum brightwellii",TRUE,"uncertain","Ditylum brightwellii","urn:lsid:marinespecies.org:taxname:149023"
"50",65,79,"Emiliania huxleyi",115104,"Emiliania huxleyi","species","Emiliania huxleyi","Haptophyta",369190,"World Register of Marine Species","115104","worrms","species","Haptophyta",369190,TRUE,TRUE,TRUE,"NCBI","Emiliania huxleyi",115104,"exact","urn:lsid:marinespecies.org:taxname:115104","Emiliania huxleyi","accepted",115104,"Emiliania huxleyi",TRUE,"accepted","Emiliania huxleyi","urn:lsid:marinespecies.org:taxname:115104"
"51",11,11,"Ephemera",291403,"Ephemera","genus","Ephemera","Bacillariophyceae",148899,"World Register of Marine Species","291403","taxize","genus","Bacillariophyceae",148899,TRUE,TRUE,TRUE,NA,NA,291403,"exact","urn:lsid:marinespecies.org:taxname:291403","Ephemera","accepted",291403,"Ephemera",TRUE,"accepted","Ephemera","urn:lsid:marinespecies.org:taxname:291403"
"52",12,12,"Eucampia cornuta",248058,"Eucampia cornuta","species","Eucampia cornuta","Bacillariophyceae",148899,"World Register of Marine Species","248058","worrms","species","Bacillariophyceae",148899,TRUE,TRUE,TRUE,NA,NA,248058,"exact","urn:lsid:marinespecies.org:taxname:248058","Eucampia cornuta","alternate representation",1324082,"Neomoelleria cornuta",FALSE,"alternate representation","Eucampia cornuta","urn:lsid:marinespecies.org:taxname:248058"
"53",27,29,"Euglena",8012,"Euglena","genus","Euglena","other than diatoms,dinoflagellates,or haptophytes",-6666,"World Register of Marine Species","8012","worrms","genus","other than diatoms dinoflagellates or haptophytes",-6666,TRUE,TRUE,TRUE,NA,NA,8012,"exact","urn:lsid:marinespecies.org:taxname:8012","Euglena","accepted",8012,"Euglena",TRUE,"accepted","Euglena","urn:lsid:marinespecies.org:taxname:8012"
"54",49,56,"Euplotes sp",NA,"Euplotes",NA,NA,NA,NA,"World Register of Marine Species","179326","worrms","genus","other than diatoms dinoflagellates or haptophytes",-6666,FALSE,FALSE,FALSE,NA,NA,179326,"exact","urn:lsid:marinespecies.org:taxname:179326","Euplotes","accepted",179326,"Euplotes",TRUE,"accepted","Euplotes","urn:lsid:marinespecies.org:taxname:179326"
"55",93,100,"Eutintinnus",183543,"Eutintinnus","genus","Eutintinnus","other than diatoms,dinoflagellates,or haptophytes",-6666,"World Register of Marine Species","183543","worrms","genus","other than diatoms dinoflagellates or haptophytes",-6666,TRUE,TRUE,TRUE,NA,NA,183543,"exact","urn:lsid:marinespecies.org:taxname:183543","Eutintinnus","accepted",183543,"Eutintinnus",TRUE,"accepted","Eutintinnus","urn:lsid:marinespecies.org:taxname:183543"
"56",94,101,"Favella",172431,"Favella","genus","Favella","other than diatoms,dinoflagellates,or haptophytes",-6666,"World Register of Marine Species","172431","taxize","genus","other than diatoms dinoflagellates or haptophytes",-6666,TRUE,TRUE,TRUE,NA,NA,581996,"exact","urn:lsid:marinespecies.org:taxname:581996","Favella","accepted",581996,"Favella",FALSE,"accepted","Favella","urn:lsid:marinespecies.org:taxname:172431"
"57",128,NA,"fecal pellet",NA,NA,NA,NA,NA,NA,NA,"-999999",NA,NA,"NotApplicable",NA,FALSE,FALSE,FALSE,"OCB","fecal pellet",NA,"","","","",NA,"",NA,"","NotApplicable","NotApplicable"
"58",28,30,"flagellate",NA,NA,NA,NA,NA,NA,NA,"urn:lsid:algaebase.org:taxname:86701",NA,NA,"other than diatoms dinoflagellates or haptophytes",-6666,FALSE,FALSE,FALSE,"AlgaeBase","Eukaryota",NA,"","","","",NA,"",NA,"","Eukaryota","urn:lsid:algaebase.org:taxname:86701"
"59",126,NA,"flagellate morphotype3",NA,NA,NA,NA,NA,NA,NA,NA,NA,NA,"other than diatoms dinoflagellates or haptophytes",NA,FALSE,FALSE,FALSE,NA,NA,NA,"","","","",NA,"",NA,"","Eukaryota","urn:lsid:algaebase.org:taxname:86701"
"60",72,88,"flagellate sp1",NA,NA,NA,NA,NA,NA,NA,"urn:lsid:algaebase.org:taxname:86701",NA,NA,"other than diatoms dinoflagellates or haptophytes",-6666,FALSE,FALSE,FALSE,"AlgaeBase","Eukaryota",NA,"","","","",NA,"",NA,"","Eukaryota","urn:lsid:algaebase.org:taxname:86701"
"61",73,90,"flagellate sp3",NA,NA,NA,NA,NA,NA,NA,"urn:lsid:algaebase.org:taxname:86701",NA,NA,"other than diatoms dinoflagellates or haptophytes",-6666,FALSE,FALSE,FALSE,"AlgaeBase","Eukaryota",NA,"","","","",NA,"",NA,"","Eukaryota","urn:lsid:algaebase.org:taxname:86701"
"62",39,43,"Gonyaulax",109519,"Gonyaulax","genus","Gonyaulax","Dinoflagellata",146203,"World Register of Marine Species","109519","worrms","genus","Dinoflagellata",146203,TRUE,TRUE,TRUE,NA,NA,109519,"exact","urn:lsid:marinespecies.org:taxname:109519","Gonyaulax","accepted",109519,"Gonyaulax",TRUE,"accepted","Gonyaulax","urn:lsid:marinespecies.org:taxname:109519"
"63",13,13,"Guinardia delicatula",149112,"Guinardia delicatula","species","Guinardia delicatula","Bacillariophyceae",148899,"World Register of Marine Species","149112","worrms","species","Bacillariophyceae",148899,TRUE,TRUE,TRUE,NA,NA,149112,"exact","urn:lsid:marinespecies.org:taxname:149112","Guinardia delicatula","alternate representation",149114,"Rhizosolenia delicatula",FALSE,"alternate representation","Guinardia delicatula","urn:lsid:marinespecies.org:taxname:149112"
"64",14,14,"Guinardia flaccida",149132,"Guinardia flaccida","species","Guinardia flaccida","Bacillariophyceae",148899,"World Register of Marine Species","149132","worrms","species","Bacillariophyceae",148899,TRUE,TRUE,TRUE,NA,NA,149132,"exact","urn:lsid:marinespecies.org:taxname:149132","Guinardia flaccida","alternate representation",160530,"Rhizosolenia flaccida",FALSE,"alternate representation","Guinardia flaccida","urn:lsid:marinespecies.org:taxname:149132"
"65",41,45,"Guinardia striata",149113,"Guinardia striata","species","Guinardia striata","Bacillariophyceae",148899,"World Register of Marine Species","149113","taxize","species","Bacillariophyceae",148899,TRUE,TRUE,TRUE,NA,NA,967041,"exact","urn:lsid:marinespecies.org:taxname:967041","Guinardia striata","uncertain",967041,"Guinardia striata",FALSE,"uncertain","Guinardia striata","urn:lsid:marinespecies.org:taxname:149113"
"66",29,31,"Gyrodinium",109476,"Gyrodinium","genus","Gyrodinium","Dinoflagellata",146203,"World Register of Marine Species","109476","worrms","genus","Dinoflagellata",146203,TRUE,TRUE,TRUE,NA,NA,109476,"exact","urn:lsid:marinespecies.org:taxname:109476","Gyrodinium","accepted",109476,"Gyrodinium",TRUE,"accepted","Gyrodinium","urn:lsid:marinespecies.org:taxname:109476"
"67",95,102,"Helicostomella subulata",240437,"Helicostomella subulata","species","Helicostomella subulata","other than diatoms,dinoflagellates,or haptophytes",-6666,"World Register of Marine Species","240437","worrms","species","other than diatoms dinoflagellates or haptophytes",-6666,TRUE,TRUE,TRUE,NA,NA,240437,"exact","urn:lsid:marinespecies.org:taxname:240437","Helicostomella subulata","accepted",240437,"Helicostomella subulata",TRUE,"accepted","Helicostomella subulata","urn:lsid:marinespecies.org:taxname:240437"
"68",43,48,"Hemiaulus",-999,"Hemiaulus",NA,NA,NA,NA,"World Register of Marine Species","956056","taxize","genus","Bacillariophyceae",148899,FALSE,FALSE,FALSE,NA,NA,163248,"exact","urn:lsid:marinespecies.org:taxname:163248","Hemiaulus","accepted",163248,"Hemiaulus",FALSE,"accepted","Hemiaulus","urn:lsid:marinespecies.org:taxname:163248"
"69",66,80,"Heterocapsa rotundata",110152,"Heterocapsa rotundata","species","Heterocapsa rotundata","Dinoflagellata",146203,"World Register of Marine Species","110152","worrms","species","Dinoflagellata",146203,TRUE,TRUE,TRUE,"NCBI","Heterocapsa rotundata",110152,"exact","urn:lsid:marinespecies.org:taxname:110152","Heterocapsa rotundata","accepted",110152,"Heterocapsa rotundata",TRUE,"accepted","Dinophyceae","urn:lsid:marinespecies.org:taxname:19542"
"70",67,81,"Heterocapsa triquetra",110153,"Kryptoperidinium triquetrum","species","Heterocapsa triquetra","Dinoflagellata",146203,"World Register of Marine Species","1346683","worrms","species","Dinoflagellata",146203,FALSE,FALSE,TRUE,"NCBI","Kryptoperidinium triquetrum",1346683,"exact","urn:lsid:marinespecies.org:taxname:1346683","Kryptoperidinium triquetrum","accepted",1346683,"Kryptoperidinium triquetrum",TRUE,"accepted","Kryptoperidinium triquetrum","urn:lsid:marinespecies.org:taxname:1346683"
"71",68,82,"Karenia",231788,"Karenia","genus","Karenia","Dinoflagellata",146203,"World Register of Marine Species","231788","worrms","genus","Dinoflagellata",146203,TRUE,TRUE,TRUE,NA,NA,231788,"exact","urn:lsid:marinespecies.org:taxname:231788","Karenia","accepted",231788,"Karenia",TRUE,"accepted","Karenia","urn:lsid:marinespecies.org:taxname:231788"
"72",90,83,"Katodinium or Torodinium",109410,"Katodinium","family","Gymnodiniaceae","Dinoflagellata",146203,"World Register of Marine Species","109477","worrms","genus","Dinoflagellata",146203,FALSE,FALSE,TRUE,NA,NA,109477,"exact","urn:lsid:marinespecies.org:taxname:109477","Katodinium","accepted",109477,"Katodinium",TRUE,"accepted","Dinophyceae","urn:lsid:marinespecies.org:taxname:19542"
"73",50,57,"Laboea strobila",101264,"Laboea strobila","species","Laboea strobila","other than diatoms,dinoflagellates,or haptophytes",-6666,"World Register of Marine Species","101264","worrms","species","other than diatoms dinoflagellates or haptophytes",-6666,TRUE,TRUE,TRUE,NA,NA,101264,"exact","urn:lsid:marinespecies.org:taxname:101264","Laboea strobila","accepted",101264,"Laboea strobila",TRUE,"accepted","Laboea strobila","urn:lsid:marinespecies.org:taxname:101264"
"74",30,33,"Lauderia annulata",149135,"Lauderia annulata","species","Lauderia annulata","Bacillariophyceae",148899,"World Register of Marine Species","149135","worrms","species","Bacillariophyceae",148899,TRUE,TRUE,TRUE,NA,NA,149135,"exact","urn:lsid:marinespecies.org:taxname:149135","Lauderia annulata","uncertain",149135,"Lauderia annulata",TRUE,"uncertain","Lauderia annulata","urn:lsid:marinespecies.org:taxname:149135"
"75",51,58,"Leegaardiella ovalis",101206,"Leegaardiella ovalis","species","Leegaardiella ovalis","other than diatoms,dinoflagellates,or haptophytes",-6666,"World Register of Marine Species","101206","worrms","species","other than diatoms dinoflagellates or haptophytes",-6666,TRUE,TRUE,TRUE,NA,NA,101206,"exact","urn:lsid:marinespecies.org:taxname:101206","Leegaardiella ovalis","accepted",101206,"Leegaardiella ovalis",TRUE,"accepted","Leegaardiella ovalis","urn:lsid:marinespecies.org:taxname:101206"
"76",15,15,"Leptocylindrus",149038,"Leptocylindrus","genus","Leptocylindrus","Bacillariophyceae",148899,"World Register of Marine Species","149038","worrms","genus","Bacillariophyceae",148899,TRUE,TRUE,TRUE,NA,NA,149038,"exact","urn:lsid:marinespecies.org:taxname:149038","Leptocylindrus","accepted",149038,"Leptocylindrus",TRUE,"accepted","Leptocylindrus","urn:lsid:marinespecies.org:taxname:149038"
"77",45,50,"Leptocylindrus mediterraneus",149230,"Leptocylindrus mediterraneus","species","Leptocylindrus mediterraneus","Bacillariophyceae",148899,"World Register of Marine Species","149230","worrms","species","Bacillariophyceae",148899,TRUE,TRUE,TRUE,NA,NA,149230,"exact","urn:lsid:marinespecies.org:taxname:149230","Leptocylindrus mediterraneus","alternate representation",163261,"Lauderia mediterranea",FALSE,"alternate representation","Leptocylindrus mediterraneus","urn:lsid:marinespecies.org:taxname:149230"
"78",31,34,"Licmophora",149342,"Licmophora","genus","Licmophora","Bacillariophyceae",148899,"World Register of Marine Species","149342","worrms","genus","Bacillariophyceae",148899,TRUE,TRUE,TRUE,NA,NA,149342,"exact","urn:lsid:marinespecies.org:taxname:149342","Licmophora","accepted",149342,"Licmophora",TRUE,"accepted","Licmophora","urn:lsid:marinespecies.org:taxname:149342"
"79",83,59,"Mesodinium",179320,"Mesodinium","genus","Mesodinium","other than diatoms,dinoflagellates,or haptophytes",-6666,"World Register of Marine Species","179320","worrms","genus","other than diatoms dinoflagellates or haptophytes",-6666,TRUE,TRUE,TRUE,NA,NA,179320,"exact","urn:lsid:marinespecies.org:taxname:179320","Mesodinium","accepted",179320,"Mesodinium",TRUE,"accepted","Mesodinium","urn:lsid:marinespecies.org:taxname:179320"
"80",24,25,"mix",NA,NA,NA,NA,NA,NA,NA,"urn:lsid:algaebase.org:taxname:86701",NA,NA,"other than diatoms dinoflagellates or haptophytes",-6666,FALSE,FALSE,FALSE,"AlgaeBase","Eukaryota",NA,"","","","",NA,"",NA,"","Eukaryota","urn:lsid:algaebase.org:taxname:86701"
"81",108,47,"mix elongated",148899,NA,NA,NA,NA,NA,NA,"148899",NA,NA,"Bacillariophyceae",148899,FALSE,FALSE,FALSE,"Sosik-specific","mix elongated",NA,"","","","",NA,"",NA,"","Bacillariophyceae","urn:lsid:marinespecies.org:taxname:148899"
"82",40,44,"Odontella",148963,"Odontella","genus","Odontella","Bacillariophyceae",148899,"World Register of Marine Species","148963","worrms","genus","Bacillariophyceae",148899,TRUE,TRUE,TRUE,NA,NA,148963,"exact","urn:lsid:marinespecies.org:taxname:148963","Odontella","accepted",148963,"Odontella",TRUE,"accepted","Odontella","urn:lsid:marinespecies.org:taxname:148963"
"83",106,113,"Ophiaster",115081,"Ophiaster","genus","Ophiaster","Haptophyta",369190,"World Register of Marine Species","115081","worrms","genus","Haptophyta",369190,TRUE,TRUE,TRUE,NA,NA,115081,"exact","urn:lsid:marinespecies.org:taxname:115081","Ophiaster","accepted",115081,"Ophiaster",TRUE,"accepted","Ophiaster","urn:lsid:marinespecies.org:taxname:115081"
"84",36,40,"other",NA,NA,NA,NA,NA,NA,NA,NA,NA,NA,"NotApplicable",NA,FALSE,FALSE,FALSE,NA,NA,NA,"","","","",NA,"",NA,"","NotApplicable","NotApplicable"
"85",121,124,"Oxytoxum",109528,"Oxytoxum","genus","Oxytoxum","Dinoflagellata",146203,"World Register of Marine Species","109528","worrms","genus","Dinoflagellata",146203,TRUE,TRUE,TRUE,NA,NA,109528,"exact","urn:lsid:marinespecies.org:taxname:109528","Oxytoxum","accepted",109528,"Oxytoxum",TRUE,"accepted","Oxytoxum","urn:lsid:marinespecies.org:taxname:109528"
"86",42,46,"Paralia sulcata",149055,"Paralia sulcata","species","Paralia sulcata","Bacillariophyceae",148899,"World Register of Marine Species","149055","worrms","species","Bacillariophyceae",148899,TRUE,TRUE,TRUE,NA,NA,149055,"exact","urn:lsid:marinespecies.org:taxname:149055","Paralia sulcata","accepted",149055,"Paralia sulcata",TRUE,"accepted","Paralia sulcata","urn:lsid:marinespecies.org:taxname:149055"
"87",46,51,"Parvicorbicula socialis",105588,"Parvicorbicula socialis","species","Parvicorbicula socialis","other than diatoms,dinoflagellates,or haptophytes",-6666,"World Register of Marine Species","105588","worrms","species","other than diatoms dinoflagellates or haptophytes",-6666,TRUE,TRUE,TRUE,NA,NA,105588,"exact","urn:lsid:marinespecies.org:taxname:105588","Parvicorbicula socialis","accepted",105588,"Parvicorbicula socialis",TRUE,"accepted","Parvicorbicula socialis","urn:lsid:marinespecies.org:taxname:105588"
"88",109,24,"pennate",148899,NA,NA,NA,NA,NA,NA,"148899",NA,NA,"Bacillariophyceae",148899,FALSE,FALSE,FALSE,"Sosik-specific","pennate",NA,"","","","",NA,"",NA,"","Bacillariophyceae","urn:lsid:marinespecies.org:taxname:148899"
"89",105,91,"pennate morphotype1",NA,NA,NA,NA,NA,NA,NA,"148899",NA,NA,"Bacillariophyceae",148899,FALSE,FALSE,FALSE,"Sosik-specific","pennate morphotype1",NA,"","","","",NA,"",NA,"","Bacillariophyceae","urn:lsid:marinespecies.org:taxname:148899"
"90",32,35,"Phaeocystis",115088,"Phaeocystis","genus","Phaeocystis","Haptophyta",369190,"World Register of Marine Species","115088","worrms","genus","Haptophyta",369190,TRUE,TRUE,TRUE,NA,NA,115088,"exact","urn:lsid:marinespecies.org:taxname:115088","Phaeocystis","accepted",115088,"Phaeocystis",TRUE,"accepted","Phaeocystis","urn:lsid:marinespecies.org:taxname:115088"
"91",84,60,"Pleuronema",NA,"Pleuronema",NA,NA,NA,NA,"World Register of Marine Species","163556","worrms","genus","other than diatoms dinoflagellates or haptophytes",-6666,FALSE,FALSE,FALSE,NA,NA,163556,"exact","urn:lsid:marinespecies.org:taxname:163556","Pleuronema","accepted",163556,"Pleuronema",TRUE,"accepted","Pleuronema","urn:lsid:marinespecies.org:taxname:163556"
"92",16,16,"Pleurosigma",149181,"Pleurosigma","genus","Pleurosigma","Bacillariophyceae",148899,"World Register of Marine Species","149181","worrms","genus","Bacillariophyceae",148899,TRUE,TRUE,TRUE,NA,NA,149181,"exact","urn:lsid:marinespecies.org:taxname:149181","Pleurosigma","accepted",149181,"Pleurosigma",TRUE,"accepted","Pleurosigma","urn:lsid:marinespecies.org:taxname:149181"
"93",76,94,"pollen",NA,NA,NA,NA,NA,NA,NA,"-999999",NA,NA,"NotApplicable",NA,FALSE,FALSE,FALSE,"OCB","pollen",NA,"","","","",NA,"",NA,"","NotApplicable","NotApplicable"
"94",33,36,"Prorocentrum",109566,"Prorocentrum","genus","Prorocentrum","Dinoflagellata",146203,"World Register of Marine Species","109566","worrms","genus","Dinoflagellata",146203,TRUE,TRUE,TRUE,NA,NA,109566,"exact","urn:lsid:marinespecies.org:taxname:109566","Prorocentrum","accepted",109566,"Prorocentrum",TRUE,"accepted","Prorocentrum","urn:lsid:marinespecies.org:taxname:109566"
"95",122,NA,"Proterythropsis",NA,"Proterythropsis",NA,NA,NA,NA,"World Register of Marine Species","231794","worrms","species","Dinoflagellata",146203,FALSE,FALSE,FALSE,NA,NA,231794,"exact","urn:lsid:marinespecies.org:taxname:231794","Proterythropsis","accepted",231794,"Proterythropsis",TRUE,"accepted","Proterythropsis","urn:lsid:marinespecies.org:taxname:231794"
"96",91,85,"Proterythropsis sp",231794,"Proterythropsis","genus","Proterythropsis","Dinoflagellata",146203,"World Register of Marine Species","231794","worrms","species","Dinoflagellata",146203,TRUE,TRUE,TRUE,NA,NA,231794,"exact","urn:lsid:marinespecies.org:taxname:231794","Proterythropsis","accepted",231794,"Proterythropsis",TRUE,"accepted","Proterythropsis","urn:lsid:marinespecies.org:taxname:231794"
"97",69,84,"Protoperidinium",109553,"Protoperidinium","genus","Protoperidinium","Dinoflagellata",146203,"World Register of Marine Species","109553","worrms","genus","Dinoflagellata",146203,TRUE,TRUE,TRUE,NA,NA,109553,"exact","urn:lsid:marinespecies.org:taxname:109553","Protoperidinium","accepted",109553,"Protoperidinium",TRUE,"accepted","Protoperidinium","urn:lsid:marinespecies.org:taxname:109553"
"98",17,17,"Pseudo-nitzschia",291409,"Pseudo-nitzschia","genus","Pseudonitzschia","Bacillariophyceae",148899,"World Register of Marine Species","149151","worrms","genus","Bacillariophyceae",148899,FALSE,FALSE,TRUE,NA,NA,149151,"exact","urn:lsid:marinespecies.org:taxname:149151","Pseudo-nitzschia","accepted",149151,"Pseudo-nitzschia",TRUE,"accepted","Pseudo-nitzschia","urn:lsid:marinespecies.org:taxname:149151"
"99",70,86,"Pseudochattonella farcimen",531467,"Pseudochattonella farcimen","species","Pseudochattonella farcimen","other than diatoms,dinoflagellates,or haptophytes",-6666,"World Register of Marine Species","531467","worrms","species","other than diatoms dinoflagellates or haptophytes",-6666,TRUE,TRUE,TRUE,"NCBI","Pseudochattonella farcimen",531467,"exact","urn:lsid:marinespecies.org:taxname:531467","Pseudochattonella farcimen","accepted",531467,"Pseudochattonella farcimen",TRUE,"accepted","Pseudochattonella farcimen","urn:lsid:marinespecies.org:taxname:531467"
"100",34,37,"Pyramimonas",134529,"Pyramimonas","genus","Pyramimonas","other than diatoms,dinoflagellates,or haptophytes",-6666,"World Register of Marine Species","134529","worrms","genus","other than diatoms dinoflagellates or haptophytes",-6666,TRUE,TRUE,TRUE,NA,NA,134529,"exact","urn:lsid:marinespecies.org:taxname:134529","Pyramimonas","accepted",134529,"Pyramimonas",TRUE,"accepted","Pyramimonas","urn:lsid:marinespecies.org:taxname:134529"
"101",71,87,"Pyramimonas longicauda",160513,"Pyramimonas longicauda","species","Pyramimonas longicauda","other than diatoms,dinoflagellates,or haptophytes",-6666,"World Register of Marine Species","160513","worrms","species","other than diatoms dinoflagellates or haptophytes",-6666,TRUE,TRUE,TRUE,NA,NA,160513,"exact","urn:lsid:marinespecies.org:taxname:160513","Pyramimonas longicauda","accepted",160513,"Pyramimonas longicauda",TRUE,"accepted","Pyramimonas longicauda","urn:lsid:marinespecies.org:taxname:160513"
"102",111,115,"Radiozoa",582421,"Radiozoa","phylum","Radiozoa","other than diatoms,dinoflagellates,or haptophytes",-6666,"World Register of Marine Species","582421","worrms","phylum","other than diatoms dinoflagellates or haptophytes",-6666,TRUE,TRUE,TRUE,NA,NA,582421,"exact","urn:lsid:marinespecies.org:taxname:582421","Radiozoa","accepted",582421,"Radiozoa",TRUE,"accepted","Radiozoa","urn:lsid:marinespecies.org:taxname:582421"
"103",18,18,"Rhizosolenia",149069,"Rhizosolenia","genus","Rhizosolenia","Bacillariophyceae",148899,"World Register of Marine Species","149069","taxize","genus","Bacillariophyceae",148899,TRUE,TRUE,TRUE,NA,NA,149069,"exact","urn:lsid:marinespecies.org:taxname:149069","Rhizosolenia","accepted",149069,"Rhizosolenia",TRUE,"accepted","Rhizosolenia","urn:lsid:marinespecies.org:taxname:149069"
"104",19,19,"Skeletonema",149073,"Skeletonema","genus","Skeletonema","Bacillariophyceae",148899,"World Register of Marine Species","149073","worrms","genus","Bacillariophyceae",148899,TRUE,TRUE,TRUE,NA,NA,149073,"exact","urn:lsid:marinespecies.org:taxname:149073","Skeletonema","accepted",149073,"Skeletonema",TRUE,"accepted","Skeletonema","urn:lsid:marinespecies.org:taxname:149073"
"105",127,NA,"square unknown",NA,NA,NA,NA,NA,NA,NA,"urn:lsid:algaebase.org:taxname:86701",NA,NA,"Bacillariophyceae",-6666,FALSE,FALSE,FALSE,"AlgaeBase","Eukaryota",NA,"","","","",NA,"",NA,"","Bacillariophyceae","urn:lsid:marinespecies.org:taxname:148899"
"106",125,NA,"Stenosemella morphotype1",NA,"Stenosemella",NA,NA,NA,NA,"World Register of Marine Species","178825","worrms","genus","other than diatoms dinoflagellates or haptophytes",-6666,FALSE,FALSE,FALSE,NA,NA,178825,"exact","urn:lsid:marinespecies.org:taxname:178825","Stenosemella","accepted",178825,"Stenosemella",TRUE,"accepted","Stenosemella","urn:lsid:marinespecies.org:taxname:178825"
"107",97,104,"Stenosemella pacifica",417165,"Stenosemella pacifica","species","Stenosemella pacifica","other than diatoms,dinoflagellates,or haptophytes",-6666,"World Register of Marine Species","417165","worrms","species","other than diatoms dinoflagellates or haptophytes",-6666,TRUE,TRUE,TRUE,NA,NA,417165,"exact","urn:lsid:marinespecies.org:taxname:417165","Stenosemella pacifica","accepted",417165,"Stenosemella pacifica",TRUE,"accepted","Stenosemella pacifica","urn:lsid:marinespecies.org:taxname:417165"
"108",96,103,"Stenosemella sp1",178825,"Stenosemella","genus","Stenosemella","other than diatoms,dinoflagellates,or haptophytes",-6666,"World Register of Marine Species","178825","worrms","genus","other than diatoms dinoflagellates or haptophytes",-6666,TRUE,TRUE,TRUE,NA,NA,178825,"exact","urn:lsid:marinespecies.org:taxname:178825","Stenosemella","accepted",178825,"Stenosemella",TRUE,"accepted","Stenosemella","urn:lsid:marinespecies.org:taxname:178825"
"109",35,39,"Stephanopyxis",149630,"Stephanopyxis","genus","Stephanopyxis","Bacillariophyceae",148899,"World Register of Marine Species","149630","worrms","genus","Bacillariophyceae",148899,TRUE,TRUE,TRUE,NA,NA,149630,"exact","urn:lsid:marinespecies.org:taxname:149630","Stephanopyxis","accepted",149630,"Stephanopyxis",TRUE,"accepted","Stephanopyxis","urn:lsid:marinespecies.org:taxname:149630"
"110",85,61,"Strobilidium",101185,"Strobilidium","genus","Strobilidium","other than diatoms,dinoflagellates,or haptophytes",-6666,"World Register of Marine Species","101185","worrms","species","other than diatoms dinoflagellates or haptophytes",-6666,TRUE,TRUE,TRUE,NA,NA,101185,"exact","urn:lsid:marinespecies.org:taxname:101185","Strobilidium","accepted",101185,"Strobilidium",TRUE,"accepted","Strobilidium","urn:lsid:marinespecies.org:taxname:101185"
"111",52,62,"Strombidium capitatum",101282,"Strombidium capitatum","species","Strombidium capitatum","other than diatoms,dinoflagellates,or haptophytes",-6666,"World Register of Marine Species","101282","worrms","species","other than diatoms dinoflagellates or haptophytes",-6666,TRUE,TRUE,TRUE,NA,NA,101282,"exact","urn:lsid:marinespecies.org:taxname:101282","Strombidium capitatum","accepted",101282,"Strombidium capitatum",TRUE,"accepted","Strombidium capitatum","urn:lsid:marinespecies.org:taxname:101282"
"112",53,63,"Strombidium conicum",101289,"Strombidium conicum","species","Strombidium conicum","other than diatoms,dinoflagellates,or haptophytes",-6666,"World Register of Marine Species","101289","worrms","species","other than diatoms dinoflagellates or haptophytes",-6666,TRUE,TRUE,TRUE,NA,NA,101289,"exact","urn:lsid:marinespecies.org:taxname:101289","Strombidium conicum","accepted",101289,"Strombidium conicum",TRUE,"accepted","Strombidium conicum","urn:lsid:marinespecies.org:taxname:101289"
"113",54,64,"Strombidium inclinatum",428332,"Strombidium inclinatum","species","Strombidium inclinatum","other than diatoms,dinoflagellates,or haptophytes",-6666,"World Register of Marine Species","428332","worrms","species","other than diatoms dinoflagellates or haptophytes",-6666,TRUE,TRUE,TRUE,NA,NA,428332,"exact","urn:lsid:marinespecies.org:taxname:428332","Strombidium inclinatum","accepted",428332,"Strombidium inclinatum",TRUE,"accepted","Strombidium","urn:lsid:marinespecies.org:taxname:101195"
"114",55,67,"Strombidium oculatum",101320,"Strombidium tintinnodes","species","Strombidium oculatum","other than diatoms,dinoflagellates,or haptophytes",-6666,"World Register of Marine Species","101337","worrms","species","other than diatoms dinoflagellates or haptophytes",-6666,FALSE,FALSE,TRUE,NA,NA,101337,"exact","urn:lsid:marinespecies.org:taxname:101337","Strombidium tintinnodes","accepted",101337,"Strombidium tintinnodes",TRUE,"accepted","Strombidium tintinnodes","urn:lsid:marinespecies.org:taxname:101337"
"115",86,65,"Strombidium sp1",101195,"Strombidium","genus","Strombidium","other than diatoms,dinoflagellates,or haptophytes",-6666,"World Register of Marine Species","101195","worrms","genus","other than diatoms dinoflagellates or haptophytes",-6666,TRUE,TRUE,TRUE,NA,NA,101195,"exact","urn:lsid:marinespecies.org:taxname:101195","Strombidium","accepted",101195,"Strombidium",TRUE,"accepted","Strombidium","urn:lsid:marinespecies.org:taxname:101195"
"116",87,66,"Strombidium sp2",101195,"Strombidium","genus","Strombidium","other than diatoms,dinoflagellates,or haptophytes",-6666,"World Register of Marine Species","101195","worrms","genus","other than diatoms dinoflagellates or haptophytes",-6666,TRUE,TRUE,TRUE,NA,NA,101195,"exact","urn:lsid:marinespecies.org:taxname:101195","Strombidium","accepted",101195,"Strombidium",TRUE,"accepted","Strombidium","urn:lsid:marinespecies.org:taxname:101195"
"117",56,68,"Strombidium wulffi",101344,"Strombidium wulffi","species","Strombidium wulffi","other than diatoms,dinoflagellates,or haptophytes",-6666,"World Register of Marine Species","101344","worrms","species","other than diatoms dinoflagellates or haptophytes",-6666,TRUE,TRUE,TRUE,NA,NA,101344,"exact","urn:lsid:marinespecies.org:taxname:101344","Strombidium wulffi","accepted",101344,"Strombidium wulffi",TRUE,"accepted","Strombidium","urn:lsid:marinespecies.org:taxname:101195"
"118",100,112,"Syracosphaera pulchra",235979,"Syracosphaera pulchra","species","Syracosphaera pulchra","Haptophyta",369190,"World Register of Marine Species","235979","worrms","species","Haptophyta",369190,TRUE,TRUE,TRUE,"NCBI","Syracosphaera pulchra",235979,"exact","urn:lsid:marinespecies.org:taxname:235979","Syracosphaera pulchra","accepted",235979,"Syracosphaera pulchra",TRUE,"accepted","Syracosphaera","urn:lsid:marinespecies.org:taxname:115084"
"119",20,20,"Thalassionema",149092,"Thalassionema","genus","Thalassionema","Bacillariophyceae",148899,"World Register of Marine Species","149092","worrms","genus","Bacillariophyceae",148899,TRUE,TRUE,TRUE,NA,NA,149092,"exact","urn:lsid:marinespecies.org:taxname:149092","Thalassionema","accepted",149092,"Thalassionema",TRUE,"accepted","Thalassionema","urn:lsid:marinespecies.org:taxname:149092"
"120",21,21,"Thalassiosira",148912,"Thalassiosira","genus","Thalassiosira","Bacillariophyceae",148899,"World Register of Marine Species","148912","worrms","genus","Bacillariophyceae",148899,TRUE,TRUE,TRUE,NA,NA,148912,"exact","urn:lsid:marinespecies.org:taxname:148912","Thalassiosira","accepted",148912,"Thalassiosira",TRUE,"accepted","Thalassiosira","urn:lsid:marinespecies.org:taxname:148912"
"121",57,69,"Tiarina fusus",247943,"Tiarina fusus","species","Tiarina fusus","other than diatoms,dinoflagellates,or haptophytes",-6666,"World Register of Marine Species","247943","worrms","species","other than diatoms dinoflagellates or haptophytes",-6666,TRUE,TRUE,TRUE,NA,NA,247943,"exact","urn:lsid:marinespecies.org:taxname:247943","Tiarina fusus","accepted",247943,"Tiarina fusus",TRUE,"accepted","Tiarina fusus","urn:lsid:marinespecies.org:taxname:247943"
"122",58,70,"Tintinnida",425497,"Tintinnina","order","Tintinnida","other than diatoms,dinoflagellates,or haptophytes",-6666,"World Register of Marine Species","732976","worrms","order","other than diatoms dinoflagellates or haptophytes",-6666,FALSE,FALSE,TRUE,NA,NA,732976,"exact","urn:lsid:marinespecies.org:taxname:732976","Tintinnina","accepted",732976,"Tintinnina",TRUE,"accepted","Tintinnina","urn:lsid:marinespecies.org:taxname:732976"
"123",98,105,"Tintinnidium mucicola",247944,"Tintinnidium mucicola","species","Tintinnidium mucicola","other than diatoms,dinoflagellates,or haptophytes",-6666,"World Register of Marine Species","247944","worrms","species","other than diatoms dinoflagellates or haptophytes",-6666,TRUE,TRUE,TRUE,NA,NA,247944,"exact","urn:lsid:marinespecies.org:taxname:247944","Tintinnidium mucicola","accepted",247944,"Tintinnidium mucicola",TRUE,"accepted","Tintinnidium mucicola","urn:lsid:marinespecies.org:taxname:247944"
"124",104,106,"Tintinnopsis",163780,"Tintinnopsis","genus","Tintinnopsis","other than diatoms,dinoflagellates,or haptophytes",-6666,"World Register of Marine Species","163780","worrms","genus","other than diatoms dinoflagellates or haptophytes",-6666,TRUE,TRUE,TRUE,NA,NA,163780,"exact","urn:lsid:marinespecies.org:taxname:163780","Tintinnopsis","accepted",163780,"Tintinnopsis",TRUE,"accepted","Tintinnopsis","urn:lsid:marinespecies.org:taxname:163780"
"125",59,71,"Tontonia appendiculariformis",101345,"Tontonia appendiculariformis","species","Tontonia appendiculariformis","other than diatoms,dinoflagellates,or haptophytes",-6666,"World Register of Marine Species","101345","taxize","species","other than diatoms dinoflagellates or haptophytes",-6666,TRUE,TRUE,TRUE,NA,NA,101345,"exact","urn:lsid:marinespecies.org:taxname:101345","Tontonia appendiculariformis","accepted",101345,"Tontonia appendiculariformis",TRUE,"accepted","Tontonia appendiculariformis","urn:lsid:marinespecies.org:taxname:101345"
"126",60,72,"Tontonia gracillima",101347,"Paratontonia gracillima","species","Tontonia gracillima","other than diatoms,dinoflagellates,or haptophytes",-6666,"World Register of Marine Species","101268","worrms","species","other than diatoms dinoflagellates or haptophytes",-6666,FALSE,FALSE,TRUE,NA,NA,101268,"exact","urn:lsid:marinespecies.org:taxname:101268","Paratontonia gracillima","accepted",101268,"Paratontonia gracillima",TRUE,"accepted","Paratontonia gracillima","urn:lsid:marinespecies.org:taxname:101268"
"127",103,109,"Vicicitus globosus",146203,"Vicicitus globosus","infraphylum","Dinoflagellata","Dinoflagellata",146203,"World Register of Marine Species","707927","worrms","species","other than diatoms dinoflagellates or haptophytes",-6666,FALSE,FALSE,FALSE,"NCBI","Vicicitus globosus",707927,"exact","urn:lsid:marinespecies.org:taxname:707927","Vicicitus globosus","accepted",707927,"Vicicitus globosus",TRUE,"accepted","Vicicitus globosus","urn:lsid:marinespecies.org:taxname:707927"
"128",113,96,"zooplankton",2,NA,"kingdom","Animalia","other than diatoms,dinoflagellates,or haptophytes",-6666,"World Register of Marine Species",NA,NA,NA,"other than diatoms dinoflagellates or haptophytes",NA,FALSE,FALSE,FALSE,NA,NA,NA,"","","","",NA,"",NA,"","Animalia","urn:lsid:marinespecies.org:taxname:2"
